trial,method,label,goal_reached,collision_free,success,dynamic_collisions,min_c_static,min_c_dynamic,min_h_R,avg_speed_mps
1,nominal,Nominal,1,0,0,3,0.0636106653345223,-0.4171930088938524,-0.4171930090825805,3.3838338898507487
1,nmpc_dc,NMPC-DC,1,0,0,1,0.1325167770331426,-0.1238727001116538,-0.1238790418477238,3.182599025224348
1,dhocbf_fixed,DHOCBF,1,0,0,1,0.20209472214387,-0.1803035081672112,-0.1955430297656162,2.5662873743163765
1,ego_style,SUPER-style,1,1,1,0,0.0686050843622357,0.10642857142857143,0.075,3.8077813796466016
1,super_style,EGO-style,1,1,1,0,0.1773492025004093,0.055,0.035,3.421447639213522
1,proposed,RSM-NMPC,1,1,1,0,0.2058825852982753,0.13,0.1259958119626884,3.1373005049244296
2,nominal,Nominal,1,0,0,2,0.0656788572752525,-0.2377118936781005,-0.2377125630651581,3.124098433900077
2,nmpc_dc,NMPC-DC,1,0,0,1,0.127402616432545,-0.26266419420756,-0.2626642372633037,2.937290408706897
2,dhocbf_fixed,DHOCBF,1,1,1,0,0.2028055854428797,0.1656100814644473,0.1476584099778496,2.367002479908913
2,ego_style,SUPER-style,1,1,1,0,0.0740529095936678,0.055,0.035,3.5150202319283577
2,super_style,EGO-style,1,0,0,1,0.177985741575954,-0.3180054683745109,-0.3180054711023684,3.158038594361276
2,proposed,RSM-NMPC,1,1,1,0,0.1994347746496461,0.416290439381034,0.1994231991371616,2.9096649391651845
3,nominal,Nominal,1,0,0,3,0.0633420769711189,-0.2765556390663207,-0.2765556724512225,3.475411124760029
3,nmpc_dc,NMPC-DC,1,0,0,3,0.1325312526379351,-0.4869906314486991,-0.4869906314620327,3.267666385113769
3,dhocbf_fixed,DHOCBF,1,0,0,1,0.2007310988065249,-0.2256904608837802,-0.2409299579398114,2.633373838725795
3,ego_style,SUPER-style,1,1,1,0,0.0690853709199221,0.08071428571428571,0.055,3.908695645916771
3,super_style,EGO-style,1,0,0,3,0.176034068332666,-0.5023481331453858,-0.5023481331689654,3.514697392354585
3,proposed,RSM-NMPC,1,1,1,0,0.2076870040601374,0.135,0.09722222222222221,3.2089638661500777
4,nominal,Nominal,1,0,0,3,0.0644442338727752,-0.4718836641044604,-0.4718836642688913,3.386951187952438
4,nmpc_dc,NMPC-DC,1,0,0,2,0.1282388284467864,-0.4507647946697991,-0.4507647947367525,3.185127140150216
4,dhocbf_fixed,DHOCBF,1,1,1,0,0.2023990428848173,0.13375,0.09625,2.568496099707408
4,ego_style,SUPER-style,1,0,0,3,0.0738361953953225,-0.4213495691522484,-0.4213495928797274,3.8099292481735
4,super_style,EGO-style,1,0,0,2,0.1777361545236903,-0.4894044625537251,-0.489404462575478,3.425743114969254
4,proposed,RSM-NMPC,1,1,1,0,0.2042851256738986,0.2206033984579552,0.2042679632723034,3.142271334101542
5,nominal,Nominal,1,0,0,3,0.0619468643529314,-0.4795944317722818,-0.4795944318021968,3.5298734643741883
5,nmpc_dc,NMPC-DC,1,0,0,3,0.131463007185114,-0.3817297349945778,-0.3817297355645576,3.324928583858469
5,dhocbf_fixed,DHOCBF,1,0,0,1,0.2039737046750342,-0.1038907459171718,-0.1191307554932091,2.677741512890999
5,ego_style,SUPER-style,1,0,0,3,0.0701904015463475,-0.4889179519782178,-0.4889179623481943,3.9724796698838585
5,super_style,EGO-style,1,0,0,3,0.1790160167028563,-0.4220561302970362,-0.4220561319451651,3.569572713412573
5,proposed,RSM-NMPC,1,1,1,0,0.2078740299603841,0.2085565614259962,0.1892448344966372,3.268713569023358
6,nominal,Nominal,1,0,0,3,0.0635162438270939,-0.4249433977586627,-0.4249433985599378,3.513397510388247
6,nmpc_dc,NMPC-DC,1,0,0,3,0.1327511499213437,-0.3585950039740312,-0.3585950054574678,3.304387528303856
6,dhocbf_fixed,DHOCBF,1,0,0,1,0.2011960722332438,-0.1182844169546033,-0.1335241666169154,2.668080197107308
6,ego_style,SUPER-style,1,0,0,3,0.0685582035797787,-0.4751620213739354,-0.4751620264826707,3.9540813759114415
6,super_style,EGO-style,1,0,0,3,0.176136769133661,-0.3671711579197316,-0.3671711604211649,3.5580139591385147
6,proposed,RSM-NMPC,1,1,1,0,0.2031679867915588,0.1947092668019188,0.1897574354102265,3.26070108030044
7,nominal,Nominal,1,0,0,3,0.0658044151349703,-0.4270784198779124,-0.4270784201948358,3.4883924588712705
7,nmpc_dc,NMPC-DC,1,0,0,3,0.1275299511347321,-0.1687585764287877,-0.1687602152755306,3.2791250177107414
7,dhocbf_fixed,DHOCBF,1,1,1,0,0.2031317245017863,0.2656067166978882,0.1853928473324425,2.643561357778055
7,ego_style,SUPER-style,1,0,0,3,0.074498493260224,-0.4965324821521345,-0.4965324891414644,3.920575471506913
7,super_style,EGO-style,1,0,0,3,0.1784763424633023,-0.4833237538813013,-0.483323753920851,3.5241174239740736
7,proposed,RSM-NMPC,1,1,1,0,0.1983496147185873,0.2446470031478329,0.1983284298848575,3.260115627868344
8,nominal,Nominal,1,0,0,3,0.0639330250910405,-0.5016818161981697,-0.5016818162804745,3.485041893778748
8,nmpc_dc,NMPC-DC,1,0,0,3,0.1290401507640435,-0.4275810381786523,-0.4275810383677048,3.279082901690462
8,dhocbf_fixed,DHOCBF,1,0,0,1,0.2046968419470996,-0.0216798930356943,-0.036928265557043,2.6435840296978816
8,ego_style,SUPER-style,1,1,1,0,0.0726445444259728,0.09357142857142857,0.065,3.918283229434858
8,super_style,EGO-style,1,0,0,3,0.1798578081629636,-0.4813834439854645,-0.4813834440311355,3.524055548565309
8,proposed,RSM-NMPC,1,1,1,0,0.2049166318145073,0.2432937078170571,0.2011489825071729,3.232952917417077
9,nominal,Nominal,1,0,0,2,0.0623068443788842,-0.4533531415140957,-0.4533531415655269,3.3880531747209663
9,nmpc_dc,NMPC-DC,1,0,0,2,0.1314977326725774,-0.3692008265132685,-0.3692008272082477,3.187982117186784
9,dhocbf_fixed,DHOCBF,1,0,0,1,0.2035394361536122,-0.1327583143778427,-0.1479979615346806,2.5714117025618592
9,ego_style,SUPER-style,1,0,0,2,0.0702718226834201,-0.4753239896786815,-0.4753239996945447,3.814116773413537
9,super_style,EGO-style,1,0,0,2,0.1789621207230229,-0.457076564674364,-0.4570765651058326,3.428326907857399
9,proposed,RSM-NMPC,1,1,1,0,0.2088759867574503,0.145,0.105,3.128902766021646
10,nominal,Nominal,1,0,0,2,0.0642521895919343,-0.4352921168448475,-0.4352921170807099,3.4788221342378285
10,nmpc_dc,NMPC-DC,1,0,0,1,0.1288302389564206,-0.0919291667749449,-0.0919422551923976,3.272560452449921
10,dhocbf_fixed,DHOCBF,1,0,0,1,0.2017621674707113,-0.1301656179705801,-0.1454053303984989,2.6367346241450016
10,ego_style,SUPER-style,1,0,0,2,0.0728032369161055,-0.4232837512217302,-0.4232838446548777,3.9139287466176222
10,super_style,EGO-style,1,0,0,2,0.1770380406275125,-0.4069883066130417,-0.4069883095880714,3.5186210803818097
10,proposed,RSM-NMPC,1,1,1,0,0.2145159156115766,0.14,0.10111111111111111,3.2238980707454044
11,nominal,Nominal,1,0,0,3,0.0654851640864878,-0.505802440228359,-0.5058024402538612,3.4114268149924643
11,nmpc_dc,NMPC-DC,1,0,0,3,0.1278684668347255,-0.4603225827312464,-0.4603225827687294,3.2074490340242527
11,dhocbf_fixed,DHOCBF,1,1,1,0,0.2042553476104919,0.1225,0.0875,2.5858852325767203
11,ego_style,SUPER-style,1,0,0,3,0.0736681600109712,-0.4663332780445187,-0.4663332818245695,3.835878851057685
11,super_style,EGO-style,1,0,0,3,0.1795683111464218,-0.4434909069059356,-0.4434909069707488,3.447134083280574
11,proposed,RSM-NMPC,1,1,1,0,0.2002580257461864,0.2634740875542568,0.2002408189426017,3.164719025576788
12,nominal,Nominal,1,0,0,3,0.0636273446475901,-0.4677275623722266,-0.4677275623977272,3.320897026173858
12,nmpc_dc,NMPC-DC,1,0,0,2,0.1294803642798591,-0.2896394114856174,-0.2896394225274974,3.1212818261018582
12,dhocbf_fixed,DHOCBF,1,0,0,1,0.2045504313285786,-0.1623657103776639,-0.1776052335542131,2.5187664556255545
12,ego_style,SUPER-style,1,1,1,0,0.0725624005936065,0.145,0.105,3.735081935174227
12,super_style,EGO-style,1,1,1,0,0.1799577989599882,0.1,0.07,3.356496326020088
12,proposed,RSM-NMPC,1,1,1,0,0.1987056949801775,0.1332163874580056,0.1324740171519235,3.073344325294287
13,nominal,Nominal,1,0,0,2,0.0638700407018856,-0.4947969292743334,-0.4947969292851392,3.3299375535702427
13,nmpc_dc,NMPC-DC,1,0,0,2,0.1323308809136077,-0.052351851852336,-0.0523949136798191,3.135389180604927
13,dhocbf_fixed,DHOCBF,1,0,0,1,0.2011988435640197,-0.2122344198063258,-0.2274739212405122,2.5248250261399394
13,ego_style,SUPER-style,1,0,0,2,0.0690842726773669,-0.482083774870855,-0.4820837808459269,3.7485004189572826
13,super_style,EGO-style,1,0,0,2,0.175927491338872,-0.3355094343085401,-0.3355094539011211,3.365966564399649
13,proposed,RSM-NMPC,1,0,0,1,0.2080735275945916,-0.0278971278648006,-0.0279043395671222,3.0962056665794555
14,nominal,Nominal,1,0,0,3,0.0649680491330303,-0.3582077723688169,-0.3582077753258863,3.3328894847954023
14,nmpc_dc,NMPC-DC,1,0,0,2,0.1281223836907944,-0.3868258265024717,-0.3868258271719605,3.1336113052969576
14,dhocbf_fixed,DHOCBF,1,1,1,0,0.2043759571855248,0.11124999999999999,0.07875,2.5291127730146346
14,ego_style,SUPER-style,1,0,0,3,0.0738897396839419,-0.5263109913968207,-0.5263109927154314,3.749499766789466
14,super_style,EGO-style,1,0,0,2,0.1798269353884678,-0.3949805979145984,-0.3949805981832831,3.3689361755306475
14,proposed,RSM-NMPC,1,1,1,0,0.2016497059508122,0.3922870128169963,0.2016261643219997,3.105042364029192
15,nominal,Nominal,1,0,0,2,0.0638362426064965,-0.4284077671955678,-0.4284077674335564,3.2335798546238306
15,nmpc_dc,NMPC-DC,1,0,0,1,0.1325064144850135,-0.0793480061028765,-0.0793640720920418,3.0445011880253783
15,dhocbf_fixed,DHOCBF,1,1,1,0,0.2022656796755859,0.0947575735099479,0.07887623066056,2.4547297125919645
15,ego_style,SUPER-style,1,0,0,2,0.0689573528809719,-0.5608449519263821,-0.5608449522596249,3.6404012368056704
15,super_style,EGO-style,1,1,1,0,0.177633054374147,0.145,0.105,3.2699313630770392
15,proposed,RSM-NMPC,1,1,1,0,0.1923998321464399,0.5397688357826569,0.1923861586882496,3.0241211517065687
16,nominal,Nominal,1,0,0,3,0.0633630782593925,-0.4379395037926145,-0.4379395043731265,3.4022220589892003
16,nmpc_dc,NMPC-DC,1,0,0,3,0.1324411277006231,-0.4495079269348502,-0.4495079270067434,3.2012062066334304
16,dhocbf_fixed,DHOCBF,1,1,1,0,0.2025845442521849,0.145,0.105,2.580344333512694
16,ego_style,SUPER-style,1,1,1,0,0.0688124433998446,0.11928571428571427,0.08499999999999999,3.829859368387648
16,super_style,EGO-style,1,0,0,3,0.1778717795248699,-0.5254438963692913,-0.5254438963768095,3.4401090004607795
16,proposed,RSM-NMPC,1,1,1,0,0.2000637124133939,0.2413678671547423,0.2000308264381671,3.156843248080384
17,nominal,Nominal,1,0,0,3,0.0628977545046059,-0.4696650326198412,-0.4696650327487194,3.5038312826924494
17,nmpc_dc,NMPC-DC,1,0,0,2,0.129045497738739,-0.3544256556074945,-0.3544256576692229,3.2929011411161806
17,dhocbf_fixed,DHOCBF,1,0,0,1,0.2045928500043704,-0.1255831326757022,-0.1408227965490936,2.658235904281846
17,ego_style,SUPER-style,1,0,0,3,0.0722604756220137,-0.4533410162216347,-0.4533410265261743,3.945194960261481
17,super_style,EGO-style,1,0,0,2,0.1796538023636326,-0.4617188399353072,-0.4617188400268668,3.546153340958536
17,proposed,RSM-NMPC,1,1,1,0,0.2033506089178563,0.2287878726886102,0.2033320322405544,3.258059142240051
18,nominal,Nominal,1,0,0,3,0.06468145450561,-0.2590959731628282,-0.259096367063496,3.511841297223412
18,nmpc_dc,NMPC-DC,1,0,0,2,0.1282425624583936,-0.3498781778321548,-0.3498781807037803,3.3038921776978527
18,dhocbf_fixed,DHOCBF,1,1,1,0,0.2045086812061513,0.1,0.07,2.66120022311014
18,ego_style,SUPER-style,1,1,1,0,0.073857905864396,0.06785714285714285,0.045,3.951469986168193
18,super_style,EGO-style,1,0,0,2,0.1799254637455338,-0.3686653570444916,-0.3686653580407945,3.5524645124390744
18,proposed,RSM-NMPC,1,1,1,0,0.2015324377204589,0.4400249267013246,0.2015098084942237,3.270352662604964
19,nominal,Nominal,1,0,0,3,0.0658399472063934,-0.4512827136649383,-0.451282713716411,3.347110968509929
19,nmpc_dc,NMPC-DC,1,0,0,2,0.1276140741816302,-0.2903253224672242,-0.2903253421778758,3.1495248562986067
19,dhocbf_fixed,DHOCBF,1,1,1,0,0.2038114278813635,0.2618253403403697,0.1852845492249795,2.539665290827952
19,ego_style,SUPER-style,1,0,0,3,0.0745286241005092,-0.4472903430221447,-0.4472903695490358,3.768576469137417
19,super_style,EGO-style,1,0,0,3,0.1795068980104255,-0.3108440644995798,-0.3108440702644757,3.386339051093328
19,proposed,RSM-NMPC,1,1,1,0,0.200494512293657,0.4681326753199262,0.2004786487925868,3.122053246668589
20,nominal,Nominal,1,0,0,3,0.0653257405913465,-0.4324314639171233,-0.4324314641488045,3.3742079001952736
20,nmpc_dc,NMPC-DC,1,0,0,2,0.1276205335587706,-0.2951343137185553,-0.295134329682688,3.1749164821622484
20,dhocbf_fixed,DHOCBF,1,0,0,1,0.2022434267896068,-0.0985242866266595,-0.1137644627248512,2.560249328323231
20,ego_style,SUPER-style,1,1,1,0,0.0736587206233012,0.13214285714285715,0.095,3.79506688871955
20,super_style,EGO-style,1,0,0,3,0.1775553154654255,-0.4054934518332682,-0.4054934541329211,3.412784757722948
20,proposed,RSM-NMPC,1,1,1,0,0.2091302606960392,0.2052244108408054,0.1872968073025105,3.1379230338850457
