density,controller,label,tests,Safe_%,SR_%,Cert_%,HS_cert_%,reach_time_mean_s,min_clearance_mean_m,min_clearance_std_m,min_c_body_mean,min_c_body_std,min_h_R_mean,min_h_R_std,min_delta_mean,avg_speed_mean_mps,avg_speed_std_mps,certified_speed_mean_mps,RSM_cert_time_%,mean_abs_x_m,p95_abs_x_m,path_length_m,path_efficiency,center_cert_agility,FR_%,solve_mean_ms,solve_p95_ms,solve_std_ms
d1,nominal,Nominal,1,100.0,100.0,100.0,0.0,29.795120000839233,0.512034,0.0,0.232316,0.0,0.232316,0.0,0.440855,3.166551401337793,0.0,3.166551401337793,100.0,0.0,0.0,94.25071100000001,0.9999999999999999,0.7356405553531907,100.0,2.5596197170212767,5.594363349999992,0.0
d1,nmpc_dc,NMPC-DC,1,100.0,100.0,100.0,0.0,29.795120000839233,0.512034,0.0,0.232316,0.0,0.232316,0.0,0.440855,3.166551401337793,0.0,3.166551401337793,100.0,0.0,0.0,94.25071100000001,0.9999999999999999,0.7356405553531907,100.0,2.5596197170212767,5.594363349999992,0.0
d1,dhocbf_fixed,DHOCBF,1,100.0,100.0,100.0,0.0,31.306023836135864,0.339142,0.0,0.31418,0.0,0.31418,0.0,0.460147,3.0319216210191087,0.0,3.0319216210191087,100.0,0.08234380254777071,0.22666934999999983,94.81987931855686,0.9955006887192603,0.9221943394523685,100.0,5.672299170575693,10.991077799999996,0.0
d1,proposed,RSM-NMPC,1,100.0,100.0,100.0,0.0,29.982006788253784,0.415742,0.0,0.268082,0.0,0.268082,0.0,0.440986,3.145648315614618,0.0,3.145648315614618,100.0,0.03973196677740864,0.197343,94.38270796750132,0.998305857828922,0.8300991037418666,100.0,13.480547166666668,18.1333009,0.0
d2,nominal,Nominal,1,100.0,100.0,100.0,0.0,30.21111297607422,0.502844,0.0,0.116664,0.0,0.116664,0.0,0.440855,3.151272363036304,0.0,3.151272363036304,100.0,3.034065297029703,4.0320019,95.13366927365172,0.9924160435987216,0.16608045768749363,99.78768577494692,3.596794288747346,6.5398835,0.0
d2,nmpc_dc,NMPC-DC,1,100.0,100.0,100.0,0.0,31.32432794570923,0.323233,0.0,0.111547,0.0,0.111547,0.0,0.439313,3.053771694267516,0.0,3.053771694267516,100.0,2.566991385350318,3.50225625,95.43567786601608,0.9889168030638615,0.16806771774139684,99.7867803837953,6.067830618336887,11.271858199999995,0.0
d2,dhocbf_fixed,DHOCBF,1,100.0,100.0,100.0,0.0,35.60268688201904,0.256395,0.0,0.099568,0.0,0.099568,0.0,0.437173,2.72773362464986,0.0,2.72773362464986,100.0,1.9420148459383755,2.8163942,97.02938541280572,0.9713772678821302,0.15285573718167234,99.57356076759062,7.428193036247334,15.384353599999994,0.0
d2,proposed,RSM-NMPC,1,100.0,100.0,100.0,0.0,33.93562412261963,0.263132,0.0,0.116761,0.0,0.116761,0.0,0.432627,2.899124876470588,0.0,2.899124876470588,100.0,0.15145012647058823,0.6224905000000002,95.98794131935111,0.9819778125632744,0.3191694200865231,100.0,18.68617179175705,44.955,0.0
d3,nominal,Nominal,1,100.0,100.0,100.0,0.0,30.32035207748413,0.502893,0.0,0.104731,0.0,0.104731,0.0,0.440855,3.1500220690789478,0.0,3.1500220690789478,100.0,3.0241168881578946,4.03200185,95.1344529845075,0.9923838857715488,0.14930212737891546,100.0,3.6424222707889133,7.1716244,0.0
d3,nmpc_dc,NMPC-DC,1,100.0,100.0,100.0,0.0,31.331720113754272,0.319255,0.0,0.104719,0.0,0.104719,0.0,0.440341,3.0516077961783443,0.0,3.0516077961783443,100.0,2.4989615414012736,3.43089055,95.16805833493657,0.9918407605142615,0.15981385041743235,99.57446808510639,6.6465638085106375,13.955229600000001,0.0
d3,dhocbf_fixed,DHOCBF,1,100.0,100.0,100.0,0.0,34.61101484298706,0.236174,0.0,0.122724,0.0,0.122724,0.0,0.438728,2.8271200782608696,0.0,2.8271200782608696,100.0,1.889177637681159,2.6876994,96.94724258635466,0.973097047678306,0.19761986932692624,98.50107066381156,7.94481609850107,16.1500402,0.0
d3,proposed,RSM-NMPC,1,100.0,100.0,100.0,0.0,31.595504999160767,0.266588,0.0,0.123842,0.0,0.123842,0.0,0.428028,3.07544774763407,0.0,3.07544774763407,100.0,0.09096048895899053,0.46037199999999984,94.99491350603743,0.9931566072114364,0.3674984639726465,99.35205183585313,16.663623002159824,32.427002999999985,0.0
d4,nominal,Nominal,1,100.0,100.0,100.0,0.0,30.123046875,0.506269,0.0,0.108225,0.0,0.108225,0.0,0.440855,3.164009158940398,0.0,3.164009158940398,100.0,3.0261724039735096,4.032001950000001,95.13886869877742,0.9923541638254779,0.15491051771209183,99.78632478632478,4.754517839743589,8.2411256,0.0
d4,nmpc_dc,NMPC-DC,1,100.0,100.0,100.0,0.0,32.10227918624878,0.32702,0.0,0.113207,0.0,0.113207,0.0,0.432248,3.008070257763975,0.0,3.008070257763975,100.0,2.5454009813664595,3.5097735,95.98906118084396,0.981387471465421,0.16873515649615348,98.07692307692307,8.952463935897436,16.87288285,0.0
d4,dhocbf_fixed,DHOCBF,1,100.0,100.0,100.0,0.0,38.23586297035217,0.245992,0.0,0.105063,0.0,0.105063,0.0,0.408778,2.5843605352480417,0.0,2.5843605352480417,100.0,1.8470912375979114,2.8467092,98.14950037192591,0.9605398173199882,0.15615077765471527,94.44444444444444,11.6241972991453,29.1445327,0.0
d4,proposed,RSM-NMPC,1,100.0,100.0,100.0,0.0,34.092475175857544,0.263664,0.0,0.115988,0.0,0.115988,0.0,0.415315,2.995626277777778,0.0,2.995626277777778,100.0,0.22333574853801175,0.7668818999999999,95.8401723159644,0.9859386032253391,0.3189624166735745,99.13606911447084,24.949192881209502,68.9702887,0.0
