density,controller,label,csv,success,safe,certificate_valid,high_speed_cert_%,collision,final_dist_m,reach_time_s,min_clearance_m,min_c_body,min_barrier,min_h_R,min_delta,avg_speed_mps,certified_speed_mps,rsm_cert_time_%,mean_abs_x_m,p95_abs_x_m,path_length_m,path_efficiency,center_cert_agility,max_speed_mps,feasibility_rate,solve_mean_ms,solve_p95_ms,duration_s
d1,nominal,Nominal,sim_validation/results/super_density_ros_rsm_compare/super_density_d1_nominal.csv,1.0,1.0,1.0,0.0,0.0,0.0,29.795120000839233,0.512034,0.232316,0.232316,0.232316,0.440855,3.166551401337793,3.166551401337793,100.0,0.0,0.0,94.25071100000001,0.9999999999999999,0.7356405553531907,3.210508,1.0,2.5596197170212767,5.594363349999992,46.908111810684204
d1,nmpc_dc,NMPC-DC,sim_validation/results/super_density_ros_rsm_compare/super_density_d1_nmpc_dc.csv,1.0,1.0,1.0,0.0,0.0,0.0,29.795120000839233,0.512034,0.232316,0.232316,0.232316,0.440855,3.166551401337793,3.166551401337793,100.0,0.0,0.0,94.25071100000001,0.9999999999999999,0.7356405553531907,3.210508,1.0,2.5596197170212767,5.594363349999992,46.908111810684204
d1,dhocbf_fixed,DHOCBF,sim_validation/results/super_density_ros_rsm_compare/super_density_d1_dhocbf_fixed.csv,1.0,1.0,1.0,0.0,0.0,1e-06,31.306023836135864,0.339142,0.31418,0.31418,0.31418,0.460147,3.0319216210191087,3.0319216210191087,100.0,0.08234380254777071,0.22666934999999983,94.81987931855686,0.9955006887192603,0.9221943394523685,3.976437,1.0,5.672299170575693,10.991077799999996,46.79828882217407
d1,proposed,RSM-NMPC,sim_validation/results/super_density_ros_rsm_compare/super_density_d1_proposed.csv,1.0,1.0,1.0,0.0,0.0,0.026064694780488215,29.982006788253784,0.415742,0.268082,0.268082,0.268082,0.440986,3.145648315614618,3.145648315614618,100.0,0.03973196677740864,0.197343,94.38270796750132,0.998305857828922,0.8300991037418666,3.397729,1.0,13.480547166666668,18.1333009,46.102054834365845
d2,nominal,Nominal,sim_validation/results/super_density_ros_rsm_compare/super_density_d2_nominal.csv,1.0,1.0,1.0,0.0,0.0,0.0,30.21111297607422,0.502844,0.116664,0.116664,0.116664,0.440855,3.151272363036304,3.151272363036304,100.0,3.034065297029703,4.0320019,95.13366927365172,0.9924160435987216,0.16608045768749363,3.210511,0.9978768577494692,3.596794288747346,6.5398835,47.00585317611694
d2,nmpc_dc,NMPC-DC,sim_validation/results/super_density_ros_rsm_compare/super_density_d2_nmpc_dc.csv,1.0,1.0,1.0,0.0,0.0,0.0,31.32432794570923,0.323233,0.111547,0.111547,0.111547,0.439313,3.053771694267516,3.053771694267516,100.0,2.566991385350318,3.50225625,95.43567786601608,0.9889168030638615,0.16806771774139684,3.384976,0.997867803837953,6.067830618336887,11.271858199999995,46.803661823272705
d2,dhocbf_fixed,DHOCBF,sim_validation/results/super_density_ros_rsm_compare/super_density_d2_dhocbf_fixed.csv,1.0,1.0,1.0,0.0,0.0,6.082762529373289e-06,35.60268688201904,0.256395,0.099568,0.099568,0.099568,0.437173,2.72773362464986,2.72773362464986,100.0,1.9420148459383755,2.8163942,97.02938541280572,0.9713772678821302,0.15285573718167234,3.431005,0.9957356076759062,7.428193036247334,15.384353599999994,46.7891149520874
d2,proposed,RSM-NMPC,sim_validation/results/super_density_ros_rsm_compare/super_density_d2_proposed.csv,1.0,1.0,1.0,0.0,0.0,0.3942488860732529,33.93562412261963,0.263132,0.116761,0.116761,0.116761,0.432627,2.899124876470588,2.899124876470588,100.0,0.15145012647058823,0.6224905000000002,95.98794131935111,0.9819778125632744,0.3191694200865231,3.646276,1.0,18.68617179175705,44.955,46.00442695617676
d3,nominal,Nominal,sim_validation/results/super_density_ros_rsm_compare/super_density_d3_nominal.csv,1.0,1.0,1.0,0.0,0.0,0.0,30.32035207748413,0.502893,0.104731,0.104731,0.104731,0.440855,3.1500220690789478,3.1500220690789478,100.0,3.0241168881578946,4.03200185,95.1344529845075,0.9923838857715488,0.14930212737891546,3.210511,1.0,3.6424222707889133,7.1716244,46.78938007354736
d3,nmpc_dc,NMPC-DC,sim_validation/results/super_density_ros_rsm_compare/super_density_d3_nmpc_dc.csv,1.0,1.0,1.0,0.0,0.0,1e-06,31.331720113754272,0.319255,0.104719,0.104719,0.104719,0.440341,3.0516077961783443,3.0516077961783443,100.0,2.4989615414012736,3.43089055,95.16805833493657,0.9918407605142615,0.15981385041743235,3.282469,0.9957446808510638,6.6465638085106375,13.955229600000001,46.92051100730896
d3,dhocbf_fixed,DHOCBF,sim_validation/results/super_density_ros_rsm_compare/super_density_d3_dhocbf_fixed.csv,1.0,1.0,1.0,0.0,0.0,0.0,34.61101484298706,0.236174,0.122724,0.122724,0.122724,0.438728,2.8271200782608696,2.8271200782608696,100.0,1.889177637681159,2.6876994,96.94724258635466,0.973097047678306,0.19761986932692624,3.624594,0.9850107066381156,7.94481609850107,16.1500402,46.79240298271179
d3,proposed,RSM-NMPC,sim_validation/results/super_density_ros_rsm_compare/super_density_d3_proposed.csv,1.0,1.0,1.0,0.0,0.0,0.017680963435287068,31.595504999160767,0.266588,0.123842,0.123842,0.123842,0.428028,3.07544774763407,3.07544774763407,100.0,0.09096048895899053,0.46037199999999984,94.99491350603743,0.9931566072114364,0.3674984639726465,3.577277,0.9935205183585313,16.663623002159824,32.427002999999985,46.21050500869751
d4,nominal,Nominal,sim_validation/results/super_density_ros_rsm_compare/super_density_d4_nominal.csv,1.0,1.0,1.0,0.0,0.0,0.0,30.123046875,0.506269,0.108225,0.108225,0.108225,0.440855,3.164009158940398,3.164009158940398,100.0,3.0261724039735096,4.032001950000001,95.13886869877742,0.9923541638254779,0.15491051771209183,3.211146,0.9978632478632479,4.754517839743589,8.2411256,46.70561099052429
d4,nmpc_dc,NMPC-DC,sim_validation/results/super_density_ros_rsm_compare/super_density_d4_nmpc_dc.csv,1.0,1.0,1.0,0.0,0.0,0.0,32.10227918624878,0.32702,0.113207,0.113207,0.113207,0.432248,3.008070257763975,3.008070257763975,100.0,2.5454009813664595,3.5097735,95.98906118084396,0.981387471465421,0.16873515649615348,3.387249,0.9807692307692307,8.952463935897436,16.87288285,46.68656301498413
d4,dhocbf_fixed,DHOCBF,sim_validation/results/super_density_ros_rsm_compare/super_density_d4_dhocbf_fixed.csv,1.0,1.0,1.0,0.0,0.0,1.414213560587822e-06,38.23586297035217,0.245992,0.105063,0.105063,0.105063,0.408778,2.5843605352480417,2.5843605352480417,100.0,1.8470912375979114,2.8467092,98.14950037192591,0.9605398173199882,0.15615077765471527,3.738817,0.9444444444444444,11.6241972991453,29.1445327,46.694299936294556
d4,proposed,RSM-NMPC,sim_validation/results/super_density_ros_rsm_compare/super_density_d4_proposed.csv,1.0,1.0,1.0,0.0,0.0,0.06534240443999823,34.092475175857544,0.263664,0.115988,0.115988,0.115988,0.415315,2.995626277777778,2.995626277777778,100.0,0.22333574853801175,0.7668818999999999,95.8401723159644,0.9859386032253391,0.3189624166735745,3.821609,0.9913606911447084,24.949192881209502,68.9702887,46.18054819107056
